목자재/철물,목자재/철물,목자재,몰딩,영림,,평몰딩 30*9,평몰딩 30*9
목자재/철물,목자재/철물,목자재,몰딩,영림,,평몰딩 40*9,평몰딩 40*9
목자재/철물,목자재/철물,목자재,몰딩,영림,,평몰딩 50*9,평몰딩 50*9
목자재/철물,목자재/철물,목자재,몰딩,영림,,평몰딩 60*9,평몰딩 60*9
목자재/철물,목자재/철물,목자재,몰딩,영림,,평몰딩 80*9,평몰딩 80*9
목자재/철물,목자재/철물,목자재,몰딩,영림,,평몰딩 100*9,평몰딩 100*9
목자재/철물,목자재/철물,목자재,몰딩,영림,,평몰딩 120*9,평몰딩 120*9
목자재/철물,목자재/철물,목자재,몰딩,영림,,평몰딩 160*9,평몰딩 160*9
목자재/철물,목자재/철물,목자재,몰딩,영림,,평몰딩 200*9,평몰딩 200*9
목자재/철물,목자재/철물,목자재,몰딩,영림,,평몰딩 250*9,평몰딩 250*9
목자재/철물,목자재/철물,목자재,몰딩,영림,,평몰딩 300*9,평몰딩 300*9
목자재/철물,목자재/철물,목자재,몰딩,영림,,평몰딩 400*9,평몰딩 400*9
목자재/철물,목자재/철물,목자재,몰딩,영림,,평몰딩 600*9,평몰딩 600*9
목자재/철물,목자재/철물,목자재,몰딩,영림,,문선몰딩 40*12,문선몰딩 40*12
목자재/철물,목자재/철물,목자재,몰딩,영림,,문선몰딩 60*12,문선몰딩 60*12
목자재/철물,목자재/철물,목자재,몰딩,영림,,마이너스몰딩 25*15,마이너스몰딩 25*15
목자재/철물,목자재/철물,목자재,몰딩,영림,,천장 1번 80*12,천장 1번 80*12
목자재/철물,목자재/철물,목자재,몰딩,영림,,천장 2번 70*12,천장 2번 70*12
목자재/철물,목자재/철물,목자재,몰딩,영림,,천장 3번 55*12,천장 3번 55*12
목자재/철물,목자재/철물,목자재,몰딩,영림,,3.0 몰딩,3.0 몰딩
목자재/철물,목자재/철물,목자재,몰딩,영림,,4.0 몰딩,4.0 몰딩
목자재/철물,목자재/철물,목자재,몰딩,영림,,2계단 몰딩(소) 50*12,2계단 몰딩(소) 50*12
목자재/철물,목자재/철물,목자재,몰딩,영림,,2계단 몰딩(대) 70*18,2계단 몰딩(대) 70*18
목자재/철물,목자재/철물,목자재,몰딩,영림,,3계단 몰딩(소) 48*15,3계단 몰딩(소) 48*15
목자재/철물,목자재/철물,목자재,몰딩,영림,,3계단 몰딩(대) 70*15,3계단 몰딩(대) 70*15
목자재/철물,목자재/철물,목자재,몰딩,영림,,301ㅣ라운드 걸레받이 40*9,301ㅣ라운드 걸레받이 40*9
목자재/철물,목자재/철물,목자재,몰딩,영림,,401ㅣ라운드 걸레받이 40*9,401ㅣ라운드 걸레받이 40*9
목자재/철물,목자재/철물,목자재,몰딩,영림,,501ㅣ라운드 걸레받이 50*9,501ㅣ라운드 걸레받이 50*9
목자재/철물,목자재/철물,목자재,몰딩,영림,,601ㅣ라운드 걸레받이 60*9,601ㅣ라운드 걸레받이 60*9
목자재/철물,목자재/철물,목자재,몰딩,영림,,701ㅣ라운드 걸레받이 70*9,701ㅣ라운드 걸레받이 70*9
목자재/철물,목자재/철물,목자재,몰딩,영림,,801ㅣ라운드 걸레받이 80*9,801ㅣ라운드 걸레받이 80*9
목자재/철물,목자재/철물,목자재,몰딩,영림,,901ㅣ라운드 걸레받이 90*9,901ㅣ라운드 걸레받이 90*9
목자재/철물,목자재/철물,목자재,몰딩,영림,,900ㅣ라운드 걸레받이 90*12,900ㅣ라운드 걸레받이 90*12
목자재/철물,목자재/철물,목자재,몰딩,영림,,PVC 래핑 히든몰딩 9.5,PVC 래핑 히든몰딩 9.5
목자재/철물,목자재/철물,목자재,몰딩,영림,,PVC 래핑 마이너스 25,PVC 래핑 마이너스 25
목자재/철물,목자재/철물,목자재,몰딩,영림,,PVC 래핑 2계단(소) 35*15,PVC 래핑 2계단(소) 35*15
목자재/철물,목자재/철물,목자재,몰딩,영림,,PVC 래핑 2계단(대) 50*15,PVC 래핑 2계단(대) 50*15