대대분류,대분류,중분류,소분류,브랜드,오집 item_code,대산 제품명,제품명,디폴트,옵션 번들명,순서,옵션1 (규격),순서,옵션2 (재단여부),순서,옵션3 (색상),제품 색상,제조사 제품 코드,제품 규격,제품설명,활성,단위,"기본금액
 (VAT포함)",옵션 1 (규격) 추가금,"옵션 2 (재단여부) 
 추가금","옵션 3 (색상) 
 추가금",단위,"기본금액
 (VAT포함)",옵션 1 (규격) 추가금,"옵션 2 (재단여부) 
 추가금","옵션 3 (색상) 
 추가금",추가일,"추가
 완료",비고
목자재/철물,목자재/철물,목자재,몰딩,영림,,평몰딩 30*9,평몰딩 30*9,,,1,30*9*2400,,,YL-1,영림08 유백색(PS012),영림08유백색(PS012),,30*9*2400,,,EA,"2,420",0,,-,,,,,,,,
,,,,,,,,,,2,40*9*2400,,,YL-1,영림15 순백색(PS011),영림15순백색(PS011),,40*9*2400,,,,,,,-,,,,,,,,
,,,,,,,,,,3,50*9*2400,,,YL-1,영림20 연체리(PW1110),영림20 연체리(PW1110),,50*9*2400,,,,,,,-,,,,,,,,
,,,,,,,,,,4,60*9*2400,,,YL-1,영림21 월넛(PW901),영림21 월넛(PW901),,60*9*2400,,,,,,,-,,,,,,,,
,,,,,,,,,,5,80*9*2400,,,YL-1,영림22 (PW810-1),영림22 (PW810-1),,80*9*2400,,,,,,,-,,,,,,,,
,,,,,,,,,,6,100*9*2400,,,YL-1,영림25 워시오크(PW912),영림25 워시오크(PW912),,100*9*2400,,,,,,,-,,,,,,,,
,,,,,,,,,,7,120*9*2400,,,YL-1,영림26 햄록(PW1111),영림26 햄록(PW1111),,120*9*2400,,,,,,,-,,,,,,,,
,,,,,,,,,,8,160*9*2400,,,YL-1,영림27 연월넛(PW1112),영림27 연월넛(PW1112),,160*9*2400,,,,,,,-,,,,,,,,
,,,,,,,,,,9,200*9*2400,,,YL-1,영림34 그레이느름(PW811),영림34 그레이느름(PW811),,200*9*2400,,,,,,,-,,,,,,,,
,,,,,,,,,,10,250*9*2400,,,YL-1,영림40 인디언오크(PW814),영림40 인디언오크(PW814),,250*9*2400,,,,,,,-,,,,,,,,
,,,,,,,,,,11,300*9*2400,,,YL-1,영림50 펄백색(PW801),영림50 펄백색(PW801),,300*9*2400,,,,,,,-,,,,,,,,
,,,,,,,,,,12,400*9*2400,,,YL-1,영림53-1 소프트오크(PW905),영림53-1 소프트오크(PW905),,400*9*2400,,,,,,,-,,,,,,,,
,,,,,,,,,,13,600*9*2400,,,YL-1,영림90 엠보백색(PS003),영림90 엠보백색(PS003),,600*9*2400,,,,,,,-,,,,,,,,
,,,,,,,,,,14,40*12*2400,,,YL-1,영림99 로얄티크(PW924)◆,영림99 로얄티크(PW924)◆,,40*12*2400,,,,,,,-,,,,,,,,
,,,,,,,,,,15,60*12*2400,,,YL-1,영림116 중백색(PS010),영림116 중백색(PS010),,60*12*2400,,,,,,,-,,,,,,,,
,,,,,,,,,,16,25*15*2400,,,YL-1,영림133(PS070),영림133(PS070),,25*15*2400,,,,,,,-,,,,,,,,
,,,,,,,,,,17,80*12*2400,,,YL-1,영림135 미스티오크(PW937),영림135 미스티오크(PW937),,80*12*2400,,,,,,,-,,,,,,,,
,,,,,,,,,,18,70*12*2400,,,YL-1,영림160 진회색(PS027),영림160 진회색(PS027),,70*12*2400,,,,,,,-,,,,,,,,
,,,,,,,,,,19,55*12*2400,,,YL-1,영림161 먹회색(PS037),영림161 먹회색(PS037),,55*12*2400,,,,,,,-,,,,,,,,
,,,,,,,,,,20,55*12*2400,,,YL-1,영림162 검정(PS028),영림162 검정(PS028),,55*12*2400,,,,,,,-,,,,,,,,
,,,,,,,,,,21,110*15*2400,,,YL-1,영림167 우드백색(PS080),영림167 우드백색(PS080),,110*15*2400,,,,,,,-,,,,,,,,
,,,,,,,,,,22,50*12*2400,,,YL-1,영림168 도장백색(PS120),영림168 도장백색(PS120),,50*12*2400,,,,,,,-,,,,,,,,
,,,,,,,,,,23,70*18*2400,,,YL-1,영림169 크림백색(PS130),영림169 크림백색(PS130),,70*18*2400,,,,,,,-,,,,,,,,
,,,,,,,,,,24,48*15*2400,,,YL-1,영림194 주백색(PS160),영림194 주백색(PS160),,48*15*2400,,,,,,,-,,,,,,,,
,,,,,,,,,,25,70*15*2400,,,YL-1,영림195 회벽백색(PS170),영림195 회벽백색(PS170),,70*15*2400,,,,,,,-,,,,,,,,
,,,,,,,,,,26,40*9*2400,,,YL-1,영림196 베이지(PS035),영림196 베이지(PS035),,40*9*2400,,,,,,,-,,,,,,,,
,,,,,,,,,,27,40*9*2400,,,YL-1,PS025,PS025,,40*9*2400,,,,,,,-,,,,,,,,
,,,,,,,,,,28,50*9*2400,,,YL-1,PS034,PS034,,50*9*2400,,,,,,,-,,,,,,,,
,,,,,,,,,,29,60*9*2400,,,YL-1,PS047,PS047,,60*9*2400,,,,,,,-,,,,,,,,
,,,,,,,,,,30,70*9*2400,,,YL-1,PS048,PS048,,70*9*2400,,,,,,,-,,,,,,,,
,,,,,,,,,,31,80*9*2400,,,YL-1,PS073,PS073,,80*9*2400,,,,,,,-,,,,,,,,
,,,,,,,,,,32,90*9*2400,,,YL-2,영림02(PW1100-1),영림02(PW1100-1),,90*9*2400,,,,,,,550,,,,,,,,
,,,,,,,,,,33,90*12*2400,,,YL-2,영림03(PW1100-2),영림03(PW1100-2),,90*12*2400,,,,,,,550,,,,,,,,
,,,,,,,,,,34,51.2*12.2*2400,,,YL-2,영림04(PW1101),영림04(PW1101),,51.2*12.2*2400,,,,,,,550,,,,,,,,
,,,,,,,,,,35,25*12*2400,,,YL-2,영림06(PW1102),영림06(PW1102),,25*12*2400,,,,,,,550,,,,,,,,
,,,,,,,,,,36,35*15*2400,,,YL-2,영림10(PW1105),영림10(PW1105),,35*15*2400,,,,,,,550,,,,,,,,
,,,,,,,,,,37,50*15*2400,,,YL-2,영림12,영림12,,50*15*2400,,,,,,,550,,,,,,,,
,,,,,,,,,,,,,,YL-2,영림13(PW1106),영림13(PW1106),,0,,,,,,,550,,,,,,,,
,,,,,,,,,,,,,,YL-2,영림19 진체리(PW810),영림19 진체리(PW810),,0,,,,,,,550,,,,,,,,
,,,,,,,,,,,,,,YL-2,영림23 홍송(PW910),영림23 홍송(PW910),,0,,,,,,,550,,,,,,,,
,,,,,,,,,,,,,,YL-2,영림24 (PW911),영림24 (PW911),,0,,,,,,,550,,,,,,,,
,,,,,,,,,,,,,,YL-2,영림35 블랙티크(PW812),영림35 블랙티크(PW812),,0,,,,,,,550,,,,,,,,
,,,,,,,,,,,,,,YL-2,영림54(PW1114),영림54(PW1114),,0,,,,,,,550,,,,,,,,
,,,,,,,,,,,,,,YL-2,영림56(PW913),영림56(PW913),,0,,,,,,,550,,,,,,,,
,,,,,,,,,,,,,,YL-2,영림57(PW913-1),영림57(PW913-1),,0,,,,,,,550,,,,,,,,
,,,,,,,,,,,,,,YL-2,영림60,영림60,,0,,,,,,,550,,,,,,,,
,,,,,,,,,,,,,,YL-2,영림89(PW803),영림89(PW803),,0,,,,,,,550,,,,,,,,
,,,,,,,,,,,,,,YL-2,영림97 카라멜애쉬(PW922-2),영림97 카라멜애쉬(PW922-2),,0,,,,,,,550,,,,,,,,
,,,,,,,,,,,,,,YL-2,영림99 가로결 로얄티크(PW934) ◆,영림99 가로결 로얄티크(PW934) ◆,,0,,,,,,,550,,,,,,,,
,,,,,,,,,,,,,,YL-2,영림100(PW924-1),영림100(PW924-1),,0,,,,,,,550,,,,,,,,
,,,,,,,,,,,,,,YL-2,영림101(PW925),영림101(PW925),,0,,,,,,,550,,,,,,,,
,,,,,,,,,,,,,,YL-2,영림103(PW927),영림103(PW927),,0,,,,,,,550,,,,,,,,
,,,,,,,,,,,,,,YL-2,영림104(PW927-1),영림104(PW927-1),,0,,,,,,,550,,,,,,,,
,,,,,,,,,,,,,,YL-2,영림108 어반오크(PW929-1),영림108 어반오크(PW929-1),,0,,,,,,,550,,,,,,,,
,,,,,,,,,,,,,,YL-2,영림109(PW835),영림109(PW835),,0,,,,,,,550,,,,,,,,
,,,,,,,,,,,,,,YL-2,영림124(PW941),영림124(PW941),,0,,,,,,,550,,,,,,,,
,,,,,,,,,,,,,,YL-2,영림127 PW946,영림127 PW946,,0,,,,,,,550,,,,,,,,
,,,,,,,,,,,,,,YL-2,영림128(PW946-1),영림128(PW946-1),,0,,,,,,,550,,,,,,,,
,,,,,,,,,,,,,,YL-2,영림129(PW948),영림129(PW948),,0,,,,,,,550,,,,,,,,
,,,,,,,,,,,,,,YL-2,영림132(PW845),영림132(PW845),,0,,,,,,,550,,,,,,,,
,,,,,,,,,,,,,,YL-2,영림134(PS071),영림134(PS071),,0,,,,,,,550,,,,,,,,
,,,,,,,,,,,,,,YL-2,영림146(PW951),영림146(PW951),,0,,,,,,,550,,,,,,,,
,,,,,,,,,,,,,,YL-2,영림147(PW951-1),영림147(PW951-1),,0,,,,,,,550,,,,,,,,
,,,,,,,,,,,,,,YL-2,영림151(PW955-1),영림151(PW955-1),,0,,,,,,,550,,,,,,,,
,,,,,,,,,,,,,,YL-2,영림152(PW955-2),영림152(PW955-2),,0,,,,,,,550,,,,,,,,
,,,,,,,,,,,,,,YL-2,영림154(PW956-1),영림154(PW956-1),,0,,,,,,,550,,,,,,,,
,,,,,,,,,,,,,,YL-2,영림155(PW957),영림155(PW957),,0,,,,,,,550,,,,,,,,
,,,,,,,,,,,,,,YL-2,영림156(PW1117),영림156(PW1117),,0,,,,,,,550,,,,,,,,
,,,,,,,,,,,,,,YL-2,영림157(PW1117-1),영림157(PW1117-1),,0,,,,,,,550,,,,,,,,
,,,,,,,,,,,,,,YL-2,영림158(PW958),영림158(PW958),,0,,,,,,,550,,,,,,,,
,,,,,,,,,,,,,,YL-2,영림159(PW958-1),영림159(PW958-1),,0,,,,,,,550,,,,,,,,
,,,,,,,,,,,,,,YL-2,영림163(PW959),영림163(PW959),,0,,,,,,,550,,,,,,,,
,,,,,,,,,,,,,,YL-2,영림164(PW960),영림164(PW960),,0,,,,,,,550,,,,,,,,
,,,,,,,,,,,,,,YL-2,영림165(PW960-1),영림165(PW960-1),,0,,,,,,,550,,,,,,,,
,,,,,,,,,,,,,,YL-2,영림166(PW960-2),영림166(PW960-2),,0,,,,,,,550,,,,,,,,
,,,,,,,,,,,,,,YL-2,영림171(PW847),영림171(PW847),,0,,,,,,,550,,,,,,,,
,,,,,,,,,,,,,,YL-2,영림172(PW847-1),영림172(PW847-1),,0,,,,,,,550,,,,,,,,
,,,,,,,,,,,,,,YL-2,영림173(PW961),영림173(PW961),,0,,,,,,,550,,,,,,,,
,,,,,,,,,,,,,,YL-2,영림174(PW961-1),영림174(PW961-1),,0,,,,,,,550,,,,,,,,
,,,,,,,,,,,,,,YL-2,영림175발렌블랑(PX449),영림175발렌블랑(PX449),,0,,,,,,,550,,,,,,,,
,,,,,,,,,,,,,,YL-2,영림176발렌베이지(PX449-1),영림176발렌베이지(PX449-1),,0,,,,,,,550,,,,,,,,
,,,,,,,,,,,,,,YL-2,영림177발렌포그(PX449-2),영림177발렌포그(PX449-2),,0,,,,,,,550,,,,,,,,
,,,,,,,,,,,,,,YL-2,영림178발렌디머(PX449-3),영림178발렌디머(PX449-3),,0,,,,,,,550,,,,,,,,
,,,,,,,,,,,,,,YL-2,영림179(PW964),영림179(PW964),,0,,,,,,,550,,,,,,,,
,,,,,,,,,,,,,,YL-2,영림180(PW964-1),영림180(PW964-1),,0,,,,,,,550,,,,,,,,
,,,,,,,,,,,,,,YL-2,영림181(PW965),영림181(PW965),,0,,,,,,,550,,,,,,,,
,,,,,,,,,,,,,,YL-2,영림182(PW965-1),영림182(PW965-1),,0,,,,,,,550,,,,,,,,
,,,,,,,,,,,,,,YL-2,영림183(PW966),영림183(PW966),,0,,,,,,,550,,,,,,,,
,,,,,,,,,,,,,,YL-2,영림184(PW966-1),영림184(PW966-1),,0,,,,,,,550,,,,,,,,
,,,,,,,,,,,,,,YL-2,영림185(PW966-3),영림185(PW966-3),,0,,,,,,,550,,,,,,,,
,,,,,,,,,,,,,,YL-2,영림186(PW967),영림186(PW967),,0,,,,,,,550,,,,,,,,
,,,,,,,,,,,,,,YL-2,영림187(PW967-1),영림187(PW967-1),,0,,,,,,,550,,,,,,,,
,,,,,,,,,,,,,,YL-2,영림188(PW967-2),영림188(PW967-2),,0,,,,,,,550,,,,,,,,
,,,,,,,,,,,,,,YL-2,영림189(PW967-3),영림189(PW967-3),,0,,,,,,,550,,,,,,,,
,,,,,,,,,,,,,,YL-2,영림190(PW968),영림190(PW968),,0,,,,,,,550,,,,,,,,
,,,,,,,,,,,,,,YL-2,영림191(PW968-1),영림191(PW968-1),,0,,,,,,,550,,,,,,,,
,,,,,,,,,,,,,,YL-2,영림192(PW969),영림192(PW969),,0,,,,,,,550,,,,,,,,
,,,,,,,,,,,,,,YL-2,영림193(PW969-1),영림193(PW969-1),,0,,,,,,,550,,,,,,,,
,,,,,,,,,,,,,,YL-2,영림203 윌로우(PW970),영림203 윌로우(PW970),,0,,,,,,,550,,,,,,,,
,,,,,,,,,,,,,,YL-2,영림204 (PW970-1),영림204 (PW970-1),,0,,,,,,,550,,,,,,,,
,,,,,,,,,,,,,,YL-2,영림205 (PW970-2),영림205 (PW970-2),,0,,,,,,,550,,,,,,,,
,,,,,,,,,,,,,,YL-2,영림206 (PW971),영림206 (PW971),,0,,,,,,,550,,,,,,,,
,,,,,,,,,,,,,,YL-2,영림207 (PW971-1),영림207 (PW971-1),,0,,,,,,,550,,,,,,,,
,,,,,,,,,,,,,,YL-2,영림208 (PW971-2),영림208 (PW971-2),,0,,,,,,,550,,,,,,,,
,,,,,,,,,,,,,,YL-2,영림209 (PW972),영림209 (PW972),,0,,,,,,,550,,,,,,,,
,,,,,,,,,,,,,,YL-2,영림210 (PW972-1),영림210 (PW972-1),,0,,,,,,,550,,,,,,,,
,,,,,,,,,,,,,,YL-3,PS022,PS022,,0,,,,,,,550,,,,,,,,
,,,,,,,,,,,,,,YL-3,PS030,PS030,,0,,,,,,,550,,,,,,,,
,,,,,,,,,,,,,,YL-3,PS032,PS032,,0,,,,,,,550,,,,,,,,
,,,,,,,,,,,,,,YL-3,PS038,PS038,,0,,,,,,,550,,,,,,,,
,,,,,,,,,,,,,,YL-3,PS040,PS040,,0,,,,,,,550,,,,,,,,
,,,,,,,,,,,,,,YL-3,PS041,PS041,,0,,,,,,,550,,,,,,,,
,,,,,,,,,,,,,,YL-3,PS044,PS044,,0,,,,,,,550,,,,,,,,
,,,,,,,,,,,,,,YL-3,PS045,PS045,,0,,,,,,,550,,,,,,,,
,,,,,,,,,,,,,,YL-3,PS046,PS046,,0,,,,,,,550,,,,,,,,
,,,,,,,,,,,,,,YL-3,PS049,PS049,,0,,,,,,,550,,,,,,,,
,,,,,,,,,,,,,,YL-3,PS050,PS050,,0,,,,,,,550,,,,,,,,
,,,,,,,,,,,,,,YL-3,PS054,PS054,,0,,,,,,,550,,,,,,,,
,,,,,,,,,,,,,,YL-3,PS061,PS061,,0,,,,,,,550,,,,,,,,
,,,,,,,,,,,,,,YL-3,PS062,PS062,,0,,,,,,,550,,,,,,,,
,,,,,,,,,,,,,,YL-3,PS063,PS063,,0,,,,,,,550,,,,,,,,
,,,,,,,,,,,,,,YL-3,PS065,PS065,,0,,,,,,,550,,,,,,,,
,,,,,,,,,,,,,,YL-3,PS066,PS066,,0,,,,,,,550,,,,,,,,
,,,,,,,,,,,,,,YL-3,PS072,PS072,,0,,,,,,,550,,,,,,,,
,,,,,,,,,,,,,,YL-3,PS077,PS077,,0,,,,,,,550,,,,,,,,
,,,,,,,,,,,,,,YL-3,PS078,PS078,,0,,,,,,,550,,,,,,,,
,,,,,,,,,,,,,,YL-3,PS082,PS082,,0,,,,,,,550,,,,,,,,
,,,,,,,,,,,,,,YL-3,PS083,PS083,,0,,,,,,,550,,,,,,,,
,,,,,,,,,,,,,,YL-3,PS094,PS094,,0,,,,,,,550,,,,,,,,
,,,,,,,,,,,,,,YL-3,PS095,PS095,,0,,,,,,,550,,,,,,,,
,,,,,,,,,,,,,,YL-3,PS096,PS096,,0,,,,,,,550,,,,,,,,
,,,,,,,,,,,,,,YL-3,PS098,PS098,,0,,,,,,,550,,,,,,,,
,,,,,,,,,,,,,,YL-3,PS099,PS099,,0,,,,,,,550,,,,,,,,
,,,,,,,,,,,,,,YL-3,PS100,PS100,,0,,,,,,,550,,,,,,,,
,,,,,,,,,,,,,,YL-3,PS101,PS101,,0,,,,,,,550,,,,,,,,
,,,,,,,,,,,,,,YL-3,PS102,PS102,,0,,,,,,,550,,,,,,,,
,,,,,,,,,,,,,,YL-3,PS121,PS121,,0,,,,,,,550,,,,,,,,
,,,,,,,,,,,,,,YL-3,PS122,PS122,,0,,,,,,,550,,,,,,,,
,,,,,,,,,,,,,,YL-3,PS123,PS123,,0,,,,,,,550,,,,,,,,
,,,,,,,,,,,,,,YL-3,PS124,PS124,,0,,,,,,,550,,,,,,,,
,,,,,,,,,,,,,,YL-3,PS125,PS125,,0,,,,,,,550,,,,,,,,
,,,,,,,,,,,,,,YL-3,PS127,PS127,,0,,,,,,,550,,,,,,,,
,,,,,,,,,,,,,,YL-3,PS128,PS128,,0,,,,,,,550,,,,,,,,
,,,,,,,,,,,,,,YL-3,PS134,PS134,,0,,,,,,,550,,,,,,,,
,,,,,,,,,,,,,,YL-3,PS136,PS136,,0,,,,,,,550,,,,,,,,
,,,,,,,,,,,,,,YL-3,PS137,PS137,,0,,,,,,,550,,,,,,,,
,,,,,,,,,,,,,,YL-3,PS138,PS138,,0,,,,,,,550,,,,,,,,
,,,,,,,,,,,,,,YL-3,PS139,PS139,,0,,,,,,,550,,,,,,,,
,,,,,,,,,,,,,,YL-3,PS141,PS141,,0,,,,,,,550,,,,,,,,
,,,,,,,,,,,,,,YL-3,PS142,PS142,,0,,,,,,,550,,,,,,,,
,,,,,,,,,,,,,,YL-3,PS146,PS146,,0,,,,,,,550,,,,,,,,
,,,,,,,,,,,,,,YL-3,PS148,PS148,,0,,,,,,,550,,,,,,,,
,,,,,,,,,,,,,,YL-3,PS149,PS149,,0,,,,,,,550,,,,,,,,
,,,,,,,,,,,,,,YL-3,PS150,PS150,,0,,,,,,,550,,,,,,,,
,,,,,,,,,,,,,,YL-3,PS151,PS151,,0,,,,,,,550,,,,,,,,
,,,,,,,,,,,,,,YL-3,PS153,PS153,,0,,,,,,,550,,,,,,,,
,,,,,,,,,,,,,,YL-3,PS154,PS154,,0,,,,,,,550,,,,,,,,
,,,,,,,,,,,,,,YL-3,PS155,PS155,,0,,,,,,,550,,,,,,,,
,,,,,,,,,,,,,,YL-3,PS156 포그그레이지,PS156 포그그레이지,,0,,,,,,,550,,,,,,,,
,,,,,,,,,,,,,,YL-3,PW836-1,PW836-1,,0,,,,,,,550,,,,,,,,
,,,,,,,,,,,,,,YL-3,PX444,PX444,,0,,,,,,,550,,,,,,,,
,,,,,,,,,,,,,,YL-3,PX445,PX445,,0,,,,,,,550,,,,,,,,
,,,,,,,,,,,,,,YL-3,PX450 발렌무디 크림,PX450 발렌무디 크림,,0,,,,,,,550,,,,,,,,
,,,,,,,,,,,,,,YL-3,PX450-1 발렌무디 샌드,PX450-1 발렌무디 샌드,,0,,,,,,,550,,,,,,,,
,,,,,,,,,,,,,,YL-3,PX450-2 발렌무디 애쉬,PX450-2 발렌무디 애쉬,,0,,,,,,,550,,,,,,,,
,,,,,,,,,,,,,,YL-3,PX450-3 발렌무디 다크,PX450-3 발렌무디 다크,,0,,,,,,,550,,,,,,,,
,,,,,,,,,,,,,,YL-3,PX450-4 발렌무디 화이트,PX450-4 발렌무디 화이트,,0,,,,,,,550,,,,,,,,
,,,,,,,,,,,,,,YL-3,PX451 화이트스톤,PX451 화이트스톤,,0,,,,,,,550,,,,,,,,
,,,,,,,,,,,,,,YL-3,PX451-1 라이트스톤,PX451-1 라이트스톤,,0,,,,,,,550,,,,,,,,
,,,,,,,,,,,,,,YL-3,PX454 선셋스톤,PX454 선셋스톤,,0,,,,,,,550,,,,,,,,
,,,,,,,,,,,,,,YL-3,PX454-2 루카 화이트,PX454-2 루카 화이트,,0,,,,,,,550,,,,,,,,
,,,,,,,,,,,,,,YL-4,영림05,영림05,,0,,,,,,,770,,,,,,,,
,,,,,,,,,,,,,,YL-4,영림49,영림49,,0,,,,,,,770,,,,,,,,
,,,,,,,,,,,,,,YL-4,영림73(PWR1000),영림73(PWR1000),,0,,,,,,,770,,,,,,,,
,,,,,,,,,,,,,,YL-4,영림74(PWR1003),영림74(PWR1003),,0,,,,,,,770,,,,,,,,
,,,,,,,,,,,,,,YL-4,영림87(PWR1004),영림87(PWR1004),,0,,,,,,,770,,,,,,,,
,,,,,,,,,,,,,,YL-4,영림102,영림102,,0,,,,,,,770,,,,,,,,
,,,,,,,,,,,,,,YL-4,영림123(PW1005),영림123(PW1005),,0,,,,,,,770,,,,,,,,
,,,,,,,,,,,,,,YL-5,영림79 내추럴월넛(PWT1200),영림79 내추럴월넛(PWT1200),,0,,,,,,,"1,210",,,,,,,,
,,,,,,,,,,,,,,YL-5,영림80 내추럴브라운(PWT1200-1),영림80 내추럴브라운(PWT1200-1),,0,,,,,,,"1,210",,,,,,,,
,,,,,,,,,,,,,,YL-5,영림81 내추럴오렌지(PWT1200-2),영림81 내추럴오렌지(PWT1200-2),,0,,,,,,,"1,210",,,,,,,,
,,,,,,,,,,,,,,YL-5,영림83 내추럴화이트(PWT1200-4),영림83 내추럴화이트(PWT1200-4),,0,,,,,,,"1,210",,,,,,,,
,,,,,,,,,,,,,,YL-5,영림93 리치메이플(PWT1204),영림93 리치메이플(PWT1204),,0,,,,,,,"1,210",,,,,,,,
,,,,,,,,,,,,,,YL-5,영림94 리치스칼렛(PWT1204-1),영림94 리치스칼렛(PWT1204-1),,0,,,,,,,"1,210",,,,,,,,
,,,,,,,,,,,,,,YL-5,영림125 내추럴크림(PWT1200-5),영림125 내추럴크림(PWT1200-5),,0,,,,,,,"1,210",,,,,,,,
,,,,,,,,,,,,,,YL-5,영림142(PWT1206),영림142(PWT1206),,0,,,,,,,"1,210",,,,,,,,
,,,,,,,,,,,,,,YL-5,영림143(PWT1206-1),영림143(PWT1206-1),,0,,,,,,,"1,210",,,,,,,,
,,,,,,,,,,,,,,YL-5,영림170(PWT1206-2),영림170(PWT1206-2),,0,,,,,,,"1,210",,,,,,,,
,,,,,,,,,,,,,,YL-5,영림197 보니타(PWE1500),영림197 보니타(PWE1500),,0,,,,,,,"1,210",,,,,,,,
,,,,,,,,,,,,,,YL-5,영림198(PWE1500-1),영림198 (PWE1500-1),,0,,,,,,,"1,210",,,,,,,,
,,,,,,,,,,,,,,YL-5,영림199(PWE1500-2),영림199 (PWE1500-2),,0,,,,,,,"1,210",,,,,,,,
,,,,,,,,,,,,,,YL-5,영림200 팔콘(PWE1501),영림200 팔콘(PWE1501),,0,,,,,,,"1,210",,,,,,,,
,,,,,,,,,,,,,,YL-5,영림201(PWE1501-1),영림201 (PWE1501-1),,0,,,,,,,"1,210",,,,,,,,
,,,,,,,,,,,,,,YL-5,영림202(PWE1501-2),영림202 (PWE1501-2),,0,,,,,,,"1,210",,,,,,,,
,,,,,,,,,,,,,,YL-6,PSM180,,,0,,,,,,,"1,980",,,,,,,,
,,,,,,,,,,,,,,YL-6,PSM181 소프트매트,,,0,,,,,,,"1,980",,,,,,,,
,,,,,,,,,,,,,,YL-6,PSM182 소프트매트,,,0,,,,,,,"1,980",,,,,,,,
,,,,,,,,,,,,,,YL-6,PSM183 소프트매트,,,0,,,,,,,"1,980",,,,,,,,
,,,,,,,,,,,,,,YL-6,PSM184 소프트매트,,,0,,,,,,,"1,980",,,,,,,,
,,,,,,,,,,,,,,YL-6,PSM185 소프트매트,,,0,,,,,,,"1,980",,,,,,,,
,,,,,,,,,,,,,,YL-6,PSM186 소프트매트,,,0,,,,,,,"1,980",,,,,,,,
,,,,,,,,,,,,,,YL-6,PSM189 소프트매트,,,0,,,,,,,"1,980",,,,,,,,
,,,,,,,,,,,,,,YL-6,PSM190 소프트매트 포슬린,,,0,,,,,,,"1,980",,,,,,,,
,,,,,,,,,,,,,,YL-6,PSM191 소프트매트,,,0,,,,,,,"1,980",,,,,,,,
,,,,,,,,,,,,,,YL-6,PSM192 소프트매트,,,0,,,,,,,"1,980",,,,,,,,
,,,,,,,,,,,,,,YL-6,PSM194 소프트매트,,,0,,,,,,,"1,980",,,,,,,,
,,,,,,,,,,,,,,YL-6,PSM195 소프트매트 캐시미어,,,0,,,,,,,"1,980",,,,,,,,
,,,,,,,,,,,,,,YL-6,PSM196 소프트매트 라이트그레이,,,0,,,,,,,"1,980",,,,,,,,
,,,,,,,,,,,,,,YL-6,PSM197 소프트매트 로즈그레이,,,0,,,,,,,"1,980",,,,,,,,
,,,,,,,,,,,,,,YL-6,PSM198 소프트매트 포그그레이지,,,0,,,,,,,"1,980",,,,,,,,
,,,,,,,,,,,,,,YL-6,PSM199 소프트매트 화이트,,,0,,,,,,,"1,980",,,,,,,,
,,,,,,,,,,,,,,YL-6,PSM210 소프트매트 밀크화이트,,,0,,,,,,,"1,980",,,,,,,,
,,,,,,,,,,,,,,YL-6,PMS314 메탈 카키,,,0,,,,,,,"1,980",,,,,,,,
,,,,,,,,,,,,,,YL-6,PMS326,,,0,,,,,,,"1,980",,,,,,,,
,,,,,,,,,,,,,,YL-6,PMS327,,,0,,,,,,,"1,980",,,,,,,,
,,,,,,,,,,,,,,YL-6,PMS328,,,0,,,,,,,"1,980",,,,,,,,
,,,,,,,,,,,,,,YL-6,PMS329,,,0,,,,,,,"1,980",,,,,,,,
,,,,,,,,,,,,,,YL-6,PMS330,,,0,,,,,,,"1,980",,,,,,,,
,,,,,,,,,,,,,,YL-6,PMS331,,,0,,,,,,,"1,980",,,,,,,,
,,,,,,,,,,,,,,YL-6,PMS334 샴페인,,,0,,,,,,,"1,980",,,,,,,,
,,,,,,,,,,,,,,YL-6,PMS335 샴페인실버,,,0,,,,,,,"1,980",,,,,,,,
,,,,,,,,,,,,,,YL-6,PMS336 웜그레이,,,0,,,,,,,"1,980",,,,,,,,
,,,,,,,,,,,,,,YL-6,PMS337 티탄골드,,,0,,,,,,,"1,980",,,,,,,,
,,,,,,,,,,,,,,YL-6,PME316,,,0,,,,,,,"1,980",,,,,,,,
,,,,,,,,,,,,,,YL-6,PME315,,,0,,,,,,,"1,980",,,,,,,,
,,,,,,,,,,,,,,YL-6,PME317,,,0,,,,,,,"1,980",,,,,,,,
,,,,,,,,,,,,,,YL-6,PME338,,,0,,,,,,,"1,980",,,,,,,,
,,,,,,,,,,,,,,YL-6,PME319,,,0,,,,,,,"1,980",,,,,,,,