,,,,,,,,,,,,,,,,,,,,,,,,,,,,,
,,,,,,,,,,,,,,,,,,,,,,,,,,,,,
,,,,,,,,,,,,,,,,,,,,,,,,,,,,,
,,,,,,,,,,,,,,,,,,,,,,,,,,,,,
,,,20%,20%,40%,,,,,25%,,30%,,45%,,,,,,,,,,,,,,,
,,┏베스트┓,"┏베이직,솔리드┓","┏HP,메탈릭┓",┏매트┓,,,,┏베스트┓,"┏베이직,솔리드┓",,"┏메탈릭,HP┓",,┏매트┓,,,,,,,,,,,,,,,
브랜드,상품명,매입가,단가,단가,단가,,브랜드,상품명,공급가,단가,차액,단가,차액,단가,차액,,,베스트,,베이직,,솔리드,,HP,,메탈릭,,매트,
,■ 평판,,,,,,,■ 평판,,,,,,,,,,,,,,,,,,,,,
예림,평몰딩 30*9,"1,900","2,280","2,280","2,660",,예림,평몰딩 30*9,"2,420","3,080",660,"3,190",770,"3,520","1,100",,베스트,예림6 HS002 유백,베이직,CL 01 HC801 퓨어화이트,솔리드,예림73 HS041 베이비그린,HP,HP521 쁘레 회벽화이트,메탈릭,예림152 HT2301 메탈그레이,매트,HSM01 매트 화이트,
,평몰딩 40*9,"2,100","2,520","2,520","2,940",,,평몰딩 40*9,"2,640","3,300",660,"3,520",880,"3,850","1,210",,베스트,예림10 HW1024 로열워시오크,베이직,CL 02 HC802 페일그레이,솔리드,예림74 HS040 옐로우,HP,HP522 쁘레 회벽웜그레이,메탈릭,예림153 HT2302 골드,매트,HSM02 매트 밀크화이트,
,평몰딩 50*9,"2,300","2,760","2,760","3,220",,,평몰딩 50*9,"2,970","3,740",770,"3,960",990,"4,400","1,430",,베스트,예림43 HW1059 아카시아,베이직,CL 03 HC803 모노그레이,솔리드,예림78 HS022 베이비핑크,HP,HP523 쁘레 회벽쿨그레이,,,매트,HSM03 매트 캐시미어,
,평몰딩 60*9,"2,400","2,880","2,880","3,360",,,평몰딩 60*9,"3,080","3,850",770,"4,070",990,"4,510","1,430",,베스트,예림72 HE401 화이트펄,베이직,CL 04 HC804 클래식블루,솔리드,예림90 HS007 쿨그레이,HP,HP524 쁘레 회벽코지브라운,,,매트,HSM04 매트 브라운,
,평몰딩 80*9,"3,000","3,600","3,600","4,200",,,평몰딩 80*9,"3,850","4,840",990,"5,060","1,210","5,610","1,760",,베스트,예림85 HW1004 크림오크,베이직,CL 05 HL1851 라이트애쉬,솔리드,예림108 HS027 소프트블루,HP,HP525 쁘레 회벽로지,,,매트,HSM06 매트 그레이,
,평몰딩 100*9,"3,600","4,320","4,320","5,040",,,평몰딩 100*9,"4,510","5,720","1,210","5,940","1,430","6,600","2,090",,베스트,예림113 HS013 차콜,베이직,CL 06 HL1852 스킨오크,솔리드,예림109 HS032 샌드베이지,HP,HP526 쁘레 회벽크림콘,,,매트,HSM07 매트 다크그레이,
,평몰딩 120*9,"4,200","5,040","5,040","5,880",,,평몰딩 120*9,"5,280","6,600","1,320","6,930","1,650","7,700","2,420",,베스트,예림134 HW1019 오크마일드,베이직,예림2 HW1038 중체리,솔리드,예림110 HS029 어반블루,HP,HP527 쁘레 회벽민트,,,매트,HSM10 매트 딥그린,
,평몰딩 160*9,"5,600","6,720","6,720","7,840",,,평몰딩 160*9,"7,040","8,800","1,760","9,240","2,200","10,230","3,190",,베스트,예림135 HWB1064 오크딥,베이직,예림3 HW1039 연체리,솔리드,예림111 HS034 어반카키,HP,HP530 쁘레 회벽스노우,,,매트,HSM11 매트 딥블루,
,평몰딩 200*9,"6,000","7,200","7,200","8,400",,,평몰딩 200*9,"7,590","9,570","1,980","9,900","2,310","11,110","3,520",,베스트,예림141 HS009 라이트그레이,베이직,예림4 HW1049 월넛,솔리드,예림112 HS030 로열블루,HP,HP540 쁘레 회벽크렘,,,매트,HSM16 매트 아이보리,
,평몰딩 250*9,"8,200","9,840","9,840","11,480",,,평몰딩 250*9,"10,340","12,980","2,640","13,530","3,190","15,070","4,730",,베스트,CL01 HC801 퓨어화이트,베이직,예림5 HW1046 홍송,솔리드,예림114 HS005 밀크화이트,,,,,매트,HSM20 매트 라이트그레이,
,평몰딩 300*9,"9,000","10,800","10,800","12,600",,,평몰딩 300*9,"11,330","14,190","2,860","14,740","3,410","16,500","5,170",,베스트,PW-01 HP506 화이트페인트,베이직,예림9 HW1041 메이플,솔리드,예림115 HS042 소프트민트,,,,,매트,HSM21 매트 샌드그레이,
,평몰딩 400*9,"11,900","14,280","14,280","16,660",,,평몰딩 400*9,"14,960","18,700","3,740","19,470","4,510","21,780","6,820",,베스트,WA-06 HS004 크림화이트,베이직,예림15 HW1044 레드티크,솔리드,예림116 HS043 라벤더,,,,,매트,HSM27 매트 문빔그레이,
,평몰딩 600*9,"18,100","21,720","21,720","25,340",,,평몰딩 600*9,"22,660","28,380","5,720","29,480","6,820","32,890","10,230",,베스트,HCP01 세라믹문퍼시픽,베이직,예림16 HW1035 워시애쉬,솔리드,예림133 HS035 휴그린,,,,,매트,HSM28 매트 스노우베이지,
,문선몰딩 40*12,"2,400","2,880","2,880","3,360",,,문선몰딩 40*12,"3,080","3,850",770,"4,070",990,"4,510","1,430",,베스트,HWP20 슈가엘름,베이직,예림23 HW1045 레드오크,솔리드,예림140 HS001 순백,,,,,매트,HSM29 매트 포그그레이,
,문선몰딩 60*12,"2,500","3,000","3,000","3,500",,,문선몰딩 60*12,"3,190","4,070",880,"4,180",990,"4,730","1,540",,베스트,예림12 HW1060 연월넛,베이직,예림25 HW1050 그린웬지,솔리드,예림142 HS039 샌드,,,,,매트,HSM30 매트 듀이클라우드,
,■ 천장,,,,,,,■ 천장,,,,,,,,,베스트,예림80 HWB1005 화인오크,베이직,예림26 HW1034 베이지오크,솔리드,예림143 HS038 머드그레이,,,,,매트,HSM31 매트 코타화이트,
,마이너스몰딩 25*15,"2,400","2,880","2,880","3,360",,,마이너스몰딩 25*15,"3,080","3,850",770,"4,070",990,"4,510","1,430",,베스트,예림91 HS010 진그레이,베이직,예림36 HWB1042 네추럴브라운,솔리드,예림144 HS028 윈디블루,,,,,매트,HSM34 매트 스카이브리즈,
,천정 1번 80*12,"3,800","4,560","4,560","5,320",,,천정 1번 80*12,"4,840","6,050","1,210","6,380","1,540","7,040","2,200",,베스트,예림107 HS015 올블랙,베이직,예림46 HW1058 티크,솔리드,예림146 HS037 딥오션,,,,,매트,HA911 매트소프트그레이,
,천정 2번 70*12,"3,600","4,320","4,320","5,040",,,천정 2번 70*12,"4,510","5,720","1,210","5,940","1,430","6,600","2,090",,베스트,예림145 HS031 헤일네이비,베이직,예림58 HW1033 그레이오크,솔리드,예림147 HS014 어반그레이,,,,,,,
,천정 3번 55*12,"3,000","3,600","3,600","4,200",,,천정 3번 55*12,"3,850","4,840",990,"5,060","1,210","5,610","1,760",,베스트,예림148 HE403 소프트화이트,베이직,예림66 HW1031 화이트오크,솔리드,예림149 HE404 스킨,,,,,,,
,55라운드천장 55*12,"3,000","3,600","3,600","4,200",,,55라운드천장 55*12,"3,850","4,840",990,"5,060","1,210","5,610","1,760",,베스트,CL 02 HC802 페일그레이,베이직,예림68 HW1056 로열월넛,솔리드,예림150 HE405 민트그레이,,,,,,,
,80라운드천장 80*15,"4,700","5,640","5,640","6,580",,,80라운드천장 80*15,"5,940","7,480","1,540","7,810","1,870","8,690","2,750",,베스트,HN2009 유로 스톤화이트,베이직,예림69 HW1055 로열아카시아,솔리드,예림151 HE406 브라운,,,,,,,
,직각 2계단 몰딩(소) 50*12,"2,800","3,360","3,360","3,920",,,직각 2계단 몰딩(소) 50*12,"3,520","4,400",880,"4,620","1,100","5,170","1,650",,베스트,HS046 페일화이트,베이직,예림81 HWB1030 펄오크,솔리드,HS008 모카그레이,,,,,,,
,직각 2계단 몰딩(대) 70*18,"5,100","6,120","6,120","7,140",,,직각 2계단 몰딩(대) 70*18,"6,380","8,030","1,650","8,360","1,980","9,350","2,970",,베스트,HW1065 브릭월넛,베이직,예림82 HWB1018 쏘마크오크,솔리드,HS017 샌드크래커,,,,,,,
,직각 3계단 몰딩(소) 48*15,"3,200","3,840","3,840","4,480",,,직각 3계단 몰딩(소) 48*15,"4,070","5,170","1,100","5,390","1,320","5,940","1,870",,베스트,HW1069 프리스틴오크,베이직,예림83 HW1028 클래식오크,솔리드,HS018 애프리콧,,,,,,,
,직각 3계단 몰딩(대) 70*15,"4,100","4,920","4,920","5,740",,,직각 3계단 몰딩(대) 70*15,"5,170","6,490","1,320","6,820","1,650","7,590","2,420",,베스트,HW1077 카멜사펠레,베이직,예림84 HWB1013 샤인오크,솔리드,HS023 뮤트핑크,,,,,,,
,■ 걸레받이,,,,,,,■ 걸레받이,,,,,,,,,베스트,WA-05 HWB1007 브룩시더(세로),베이직,예림86 HWB1022 스트라이프우드,솔리드,HS024 드라이로즈,,,,,,,
,라운드 걸레받이 30*9 ,"2,200","2,640","2,640","3,080",,,라운드 걸레받이 30*9 ,"2,750","3,520",770,"3,630",880,"4,070","1,320",,베스트,HLC010 콘크리트화이트,베이직,예림87 HWB1029 퓨어오크,솔리드,HS033 제이드그린,,,,,,,
,라운드 걸레받이 40*9 ,"2,400","2,880","2,880","3,360",,,라운드 걸레받이 40*9 ,"3,080","3,850",770,"4,070",990,"4,510","1,430",,베스트,HPW21 프렌치오크K,베이직,예림88 HWB1012 쉬머오크,솔리드,HS036 모스그린,,,,,,,
,라운드 걸레받이 60*9 ,"2,800","3,360","3,360","3,920",,,라운드 걸레받이 60*9 ,"3,520","4,400",880,"4,620","1,100","5,170","1,650",,베스트,HPW22 피넛오크,베이직,예림93 HF2201 코트니브라운,솔리드,HS045 쥬시옐로우,,,,,,,
,라운드 걸레받이 70*9,"3,000","3,600","3,600","4,200",,,라운드 걸레받이 70*9,"3,850","4,840",990,"5,060","1,210","5,610","1,760",,베스트,HPW35 던오크,베이직,예림94 HF2202 코트니베이지,솔리드,HS048 올리브그레이,,,,,,,
,라운드 걸레받이 80*9,"3,200","3,840","3,840","4,480",,,라운드 걸레받이 80*9,"4,070","5,170","1,100","5,390","1,320","5,940","1,870",,,,베이직,예림98 HW1016 프렌치오크,솔리드,HS049 오렌지퍼시먼,,,,,,,
,라운드 걸레받이 90*9,"3,500","4,200","4,200","4,900",,,라운드 걸레받이 90*9,"4,400","5,500","1,100","5,720","1,320","6,380","1,980",,,,베이직,예림99 HWB1017 마일드워시오크,솔리드,HS050 바나나크림,,,,,,,
,■ PVC 래핑,,,,,,,■ PVC 래핑,,,,,,,,,,,베이직,예림100 HWB1003 소프트워시오크,솔리드,HS051 스모키코리아,,,,,,,
,PVC 래핑 30평,"2,500","3,000","3,000","3,500",,,PVC 래핑 30평,"3,190","4,070",880,"4,180",990,"4,730","1,540",,,,베이직,예림102 HW1025 빈티지오크,솔리드,HP505 위스퍼화이트,,,,,,,
,PVC 래핑 40평,"3,300","3,960","3,960","4,620",,,PVC 래핑 40평,"4,180","5,280","1,100","5,500","1,320","6,160","1,980",,,,베이직,예림104 HW1010 버치,솔리드,HS053 코지화이트,,,,,,,
,PVC 래핑 60평,"4,100","4,920","4,920","5,740",,,PVC 래핑 60평,"5,170","6,490","1,320","6,820","1,650","7,590","2,420",,,,베이직,예림124 HWB1062 워시그레이,솔리드,HP505 청백페인트,,,,,,,
,PVC 래핑 80평,"5,900","7,080","7,080","8,260",,,PVC 래핑 80평,"7,480","9,350","1,870","9,790","2,310","10,890","3,410",,,,베이직,예림125 HWB1052 애쉬브라운,솔리드,PW-02 HP507 베이지페인트,,,,,,,
,PVC 래핑 100평,"6,700","8,040","8,040","9,380",,,PVC 래핑 100평,"8,470","10,670","2,200","11,110","2,640","12,320","3,850",,,,베이직,예림126 HW1021 리얼오크,솔리드,PW-03 HP508 웜그레이페인트,,,,,,,
,PVC 래핑 마이너스,"3,600","4,320","4,320","5,040",,,PVC 래핑 마이너스,"4,510","5,720","1,210","5,940","1,430","6,600","2,090",,,,베이직,예림128 HW1002 심플그레인,솔리드,PW-04 HP513 브라운페인트,,,,,,,
,PVC 래핑 2계단(소) 30*12,"3,700","4,440","4,440","5,180",,,PVC 래핑 2계단(소) 30*12,"4,730","5,940","1,210","6,160","1,430","6,930","2,200",,,,베이직,예림129 HW1001 클리어오크,솔리드,PW-05 HP514 딥그레이페인트,,,,,,,
,PVC 래핑 2계단(대) 40*15,"4,300","5,160","5,160","6,020",,,PVC 래핑 2계단(대) 40*15,"5,390","6,820","1,430","7,040","1,650","7,920","2,530",,,,베이직,예림130 HW1009 브러쉬오크소프트,솔리드,PW-07 HP516 미드그레이페인트,,,,,,,
,■ PVC 백색,,,,,,,■ PVC 백색,,,,,,,,,,,베이직,예림131 HW1020 브러쉬오크마일드,솔리드,PW-08 HP517 매트블랙페인트,,,,,,,
,PVC 백색 30평,"1,700","2,040","2,040","2,380",,,PVC 백색 30평,"2,310",,,,,,,,,,베이직,예림136 HF2005 패브릭베이지,솔리드,PWH-01 HP518 화이트헤링본,,,,,,,
,PVC 백색 40평,"2,300","2,760","2,760","3,220",,,PVC 백색 40평,"3,190",,,,,,,,,,베이직,예림137 HF2206 패브릭네이비,솔리드,PWH-02 HP519 토피넛헤링본,,,,,,,
,PVC 백색 60평,"2,800","3,360","3,360","3,920",,,PVC 백색 60평,"3,850",,,,,,,,,,베이직,HF2207 위브그레이,솔리드,PWH-03 HP520 미드블루헤링본,,,,,,,
,PVC 백색 80평,"4,000","4,800","4,800","5,600",,,PVC 백색 80평,"5,500",,,,,,,,,,베이직,HF2208 위브브라운,,,,,,,,,
,PVC 백색 100평,"4,600","5,520","5,520","6,440",,,PVC 백색 100평,"6,270",,,,,,,,,,베이직,HF2209 수틸화이트,,,,,,,,,
,PVC 백색 마이너스,"2,400","2,880","2,880","3,360",,,PVC 백색 마이너스,"3,300",,,,,,,,,,베이직,HF2210 수틸그레이,,,,,,,,,
,PVC 백색 2계단(소) 30*12,"2,400","2,880","2,880","3,360",,,PVC 백색 2계단(소) 30*12,"3,300",,,,,,,,,,베이직,HN2003 솔리드스톤그레이,,,,,,,,,
,PVC 백색 2계단(대) 40*15,"2,500","3,000","3,000","3,500",,,PVC 백색 2계단(대) 40*15,"3,410",,,,,,,,,,베이직,HN2004 솔리드스톤브라운,,,,,,,,,
,■ PVC 히든 몰딩,,,,,,,■ PVC 히든 몰딩,,,,,,,,,,,베이직,HN2010 유로 스톤포그화이트,,,,,,,,,
,PVC 백색 히든몰딩 50*12.4*2400,"3,300","3,960","3,960","4,620",,,PVC 백색 히든몰딩 50*12.4*2400,"4,510",,,,,,,,,,베이직,HN2011 유로 스톤모데나크림,,,,,,,,,
,PVC 백색 히든몰딩 50*12.4*3000,"3,900","4,680","4,680","5,460",,,PVC 백색 히든몰딩 50*12.4*3000,"5,280",,,,,,,,,,베이직,HN2012 유로 스톤샌드,,,,,,,,,
,■ 코너 몰딩(AL),,,,,,,■ 코너 몰딩(AL),,,,,,,,,,,베이직,HN2013 유로 스톤멜란지,,,,,,,,,
,30 아웃코너 라운드 53*53*2400,"21,000","25,200","25,200","29,400",,,30 아웃코너 라운드 53*53*2400,"28,380",,,,,,,,,,베이직,HPW23 카카오월넛,,,,,,,,,
,60 아웃코너 라운드 83*83*2400,"33,000","39,600","39,600","46,200",,,60 아웃코너 라운드 83*83*2400,"44,550",,,,,,,,,,베이직,HW1066 딥브라운월넛,,,,,,,,,
,■ 도색용 페이퍼,,,,,,,■ 도색용 페이퍼,,,,,,,,,,,베이직,HW1067 로즈탄오크,,,,,,,,,
,페이퍼_천정 1번 80*12,"6,000","7,200","7,200","8,400",,,페이퍼_천정 1번 80*12,"8,140",,,,,,,,,,베이직,HW1068 새들탄오크,,,,,,,,,
,페이퍼_라운드 걸레받이 80*9,"3,800","4,560","4,560","5,320",,,페이퍼_라운드 걸레받이 80*9,"5,170",,,,,,,,,,베이직,HW1071 더스트애쉬,,,,,,,,,
,페이퍼_마이너스 몰딩 25*15,"3,200","3,840","3,840","4,480",,,페이퍼_마이너스 몰딩 25*15,"4,400",,,,,,,,,,베이직,HW1072 헤이즐애쉬,,,,,,,,,
,페이퍼_각구문선(소) 42*12,"3,200","3,840","3,840","4,480",,,페이퍼_각구문선(소) 42*12,"4,400",,,,,,,,,,베이직,HW1073 브랜디오크,,,,,,,,,
,페이퍼_각구문선(대) 45*20,"4,500","5,400","5,400","6,300",,,페이퍼_각구문선(대) 45*20,"6,160",,,,,,,,,,베이직,HWB1076 워시베이지,,,,,,,,,
,페이퍼_액자몰딩 30*18,"3,800","4,560","4,560","5,320",,,페이퍼_액자몰딩 30*18,"5,170",,,,,,,,,,베이직,HW1078 세피아사펠레,,,,,,,,,
,페이퍼_배꼽몰딩 26*12,"3,000","3,600","3,600","4,200",,,페이퍼_배꼽몰딩 26*12,"4,070",,,,,,,,,,베이직,HW1079 세피아사펠레,,,,,,,,,
,페이퍼_배꼽몰딩 32*15,"3,500","4,200","4,200","4,900",,,페이퍼_배꼽몰딩 32*15,"4,730",,,,,,,,,,베이직,HWB1080 미스티엘름,,,,,,,,,
,,,,,,,,,,,,,,,,,,,베이직,HWB1081 샌드엘름,,,,,,,,,
,,,,,,,,,,,,,,,,,,,베이직,HWB1082 토프엘름,,,,,,,,,
,,,,,,,,,,,,,,,,,,,베이직,HW1083 리브베이지,,,,,,,,,
,,,,,,,,,,,,,,,,,,,베이직,HW1084 리브브라운,,,,,,,,,
,,,,,,,,,,,,,,,,,,,베이직,HWB1061 디어애쉬,,,,,,,,,
,,,,,,,,,,,,,,,,,,,베이직,HWB1063 애쉬라이트브라운,,,,,,,,,
,,,,,,,,,,,,,,,,,,,베이직,WA-03 HWB HWB1027 크림월넛,,,,,,,,,
,,,,,,,,,,,,,,,,,,,베이직,WA-04 HWB1011 락메이플,,,,,,,,,
,,,,,,,,,,,,,,,,,,,베이직,WA-09 HWB1014 브룩시더베이지(세로),,,,,,,,,
,,,,,,,,,,,,,,,,,,,베이직,WA-10 HW1036 콰트로브룩클린(세로),,,,,,,,,
,,,,,,,,,,,,,,,,,,,베이직,WA-11 HW1047 콰트로엄버(세로),,,,,,,,,
,,,,,,,,,,,,,,,,,,,베이직,WA-12 HW1023 콰트로러스크(세로),,,,,,,,,
,,,,,,,,,,,,,,,,,,,베이직,WA-13 HW1040 콰트로시에나(세로),,,,,,,,,
,,,,,,,,,,,,,,,,,,,,,,,,,,,,,
,,,,,,,,,,,,,,,,,,,,,,,,,,,,,
,,,,,,,,,,,,,,,,,,,,,,,,,,,,,
,,,,,,,,,,,,,,,,,,,,,,,,,,,,,
,,,,,,,,,,,,,,,,,,,,,,,,,,,,,
,,,,,,,,,,,,,,,,,,,,,,,,,,,,,
,,,,,,,,,,,,,,,,,,,,,,,,,,,,,
,,,,,,,,,,,,,,,,,,,,,,,,,,,,,
,,,,,,,,,,,,,,,,,,,,,,,,,,,,,
,,,,,,,,,,,,,,,,,,,,,,,,,,,,,
,,,,,,,,,,,,,,,,,,,,,,,,,,,,,
,,,,,,,,,,,,,,,,,,,,,,,,,,,,,
,,,,,,,,,,,,,,,,,,,,,,,,,,,,,
,,,,,,,,,,,,,,,,,,,,,,,,,,,,,
,,,,,,,,,,,,,,,,,,,,,,,,,,,,,
,,,,,,,,,,,,,,,,,,,,,,,,,,,,,
,,,,,,,,,,,,,,,,,,,,,,,,,,,,,
,,,,,,,,,,,,,,,,,,,,,,,,,,,,,
,,,,,,,,,,,,,,,,,,,,,,,,,,,,,
,,,,,,,,,,,,,,,,,,,,,,,,,,,,,
,,,,,,,,,,,,,,,,,,,,,,,,,,,,,
,,,,,,,,,,,,,,,,,,,,,,,,,,,,,
,,,,,,,,,,,,,,,,,,,,,,,,,,,,,
,,,,,,,,,,,,,,,,,,,,,,,,,,,,,
,,,,,,,,,,,,,,,,,,,,,,,,,,,,,
,,,,,,,,,,,,,,,,,,,,,,,,,,,,,
,,,,,,,,,,,,,,,,,,,,,,,,,,,,,
,,,,,,,,,,,,,,,,,,,,,,,,,,,,,
,,,,,,,,,,,,,,,,,,,,,,,,,,,,,
,,,,,,,,,,,,,,,,,,,,,,,,,,,,,
,,,,,,,,,,,,,,,,,,,,,,,,,,,,,
,,,,,,,,,,,,,,,,,,,,,,,,,,,,,
,,,,,,,,,,,,,,,,,,,,,,,,,,,,,
,,,,,,,,,,,,,,,,,,,,,,,,,,,,,
,,,,,,,,,,,,,,,,,,,,,,,,,,,,,
,,,,,,,,,,,,,,,,,,,,,,,,,,,,,
,,,,,,,,,,,,,,,,,,,,,,,,,,,,,
,,,,,,,,,,,,,,,,,,,,,,,,,,,,,
,,,,,,,,,,,,,,,,,,,,,,,,,,,,,
,,,,,,,,,,,,,,,,,,,,,,,,,,,,,
,,,,,,,,,,,,,,,,,,,,,,,,,,,,,
,,,,,,,,,,,,,,,,,,,,,,,,,,,,,
,,,,,,,,,,,,,,,,,,,,,,,,,,,,,
,,,,,,,,,,,,,,,,,,,,,,,,,,,,,
,,,,,,,,,,,,,,,,,,,,,,,,,,,,,
,,,,,,,,,,,,,,,,,,,,,,,,,,,,,
,,,,,,,,,,,,,,,,,,,,,,,,,,,,,
,,,,,,,,,,,,,,,,,,,,,,,,,,,,,
,,,,,,,,,,,,,,,,,,,,,,,,,,,,,
,,,,,,,,,,,,,,,,,,,,,,,,,,,,,
,,,,,,,,,,,,,,,,,,,,,,,,,,,,,
,,,,,,,,,,,,,,,,,,,,,,,,,,,,,
,,,,,,,,,,,,,,,,,,,,,,,,,,,,,
,,,,,,,,,,,,,,,,,,,,,,,,,,,,,
,,,,,,,,,,,,,,,,,,,,,,,,,,,,,
25년 단가표,,,,,,,25년 단가표,,,,,,,,,,,,,,,,,,,,,,
,,,,18%,25%,,,,,25%,,,,45%,,,,,,,,,,,,,,,
,,,,1.2,1.25,,,,,1.3,,,,1.45,,,,,,,,,,,,,,,
,,┏베스트┓,,┏베스트┓,"┏베이직,솔리드┓",,,,,"┏메탈릭,HP┓",,,,┏매트┓,,,,,,,,,,,,,,,
브랜드,상품명,,매입가,단가,단가,,브랜드,상품명,,단가,,,,단가,,,,,,,베스트,베이직,,솔리드,,HP,,메탈릭,매트 시트
예림,마이너스몰딩 25*15,"2,100","2,100","2,530","3,190",,예림,마이너스몰딩 25*15,660,"3,300",,770,,"3,740",,,,"1,210",,,예림6 유백,WA-03 크림월넛,,예림73 베이비그린,,HP521,,예림152 메탈그레이,HSM01  매트 화이트
예림,80라운드천장 80*15,"4,100","4,200","5,060","6,380",,예림,80라운드천장 80*15,"1,320","6,600",,"1,540",,"7,370",,,,"2,310",,,예림10 로열워시오크,WA-04 락메이플,,예림74 옐로우,,HP522,,예림153 골드,HSM02  매트 밀크화이트
예림,55라운드천장 55*12,"2,600","2,700","3,300","4,180",,예림,55라운드천장 55*12,880,"4,290",,990,,"4,840",,,,"1,540",,,예림12 연월넛,WA-09 브룩시더베이지(세로),,예림78 베이비핑크,,HP523,,,HSM03  매트 캐시미어
예림,직각 2계단 몰딩 小 50*12,"2,450","2,550","3,080","3,850",,예림,직각 2계단 몰딩 小 50*12,770,"4,070",,990,,"4,510",,,,"1,430",,,예림43 아카시아,WA-10콰트로브룩클린(세로),,예림90 쿨그레이,,HP524,,,HSM04  매트 브라운
예림,직각 3계단 몰딩 小 48*15,"2,800","2,900","3,520","4,400",,예림,직각 3계단 몰딩 小 48*15,880,"4,620",,"1,100",,"5,170",,,,"1,650",,,예림72 화이트펄,WA-11콰트로엄버(세로),,예림108 소프트블루,,HP525,,,HSM06  매트 그레이
예림,문선몰딩 40*12,"2,400","2,500","3,080","3,850",,예림,문선몰딩 40*12,770,"4,070",,990,,"4,510",,,,"1,430",,,예림80 화인오크,WA-12 콰트로러스크(세로),,예림109 샌드베이지,,HP526,,,HSM07  매트 다크그레이
예림,문선몰딩 60*12,"2,500","2,600","3,190","4,070",,예림,문선몰딩 60*12,880,"4,180",,990,,"4,730",,,,"1,540",,,예림85 크림오크,WA-13 콰트로시에나(세로),,예림110 어반블루,,HP527,,,HSM10  매트 딥그린
예림,평몰딩 30*9,"1,650","1,750","2,200","2,750",,예림,평몰딩 30*9,550,"2,860",,660,,"3,190",,,,990,,,예림91 진그레이,예림2 중체리,,예림111 어반카키,,HP530,,,HSM11  매트 딥블루
예림,평몰딩 40*9,"1,800","2,000","2,420","3,080",,예림,평몰딩 40*9,660,"3,190",,770,,"3,520",,,,"1,100",,,예림100 소프트워시오크,예림3 연체리,,예림114 밀크화이트,,HP540,,,HSM16  매트 아이보리
예림,평몰딩 50*9,"2,000","2,400","2,970","3,740",,예림,평몰딩 50*9,770,"3,960",,990,,"4,400",,,,"1,430",,,예림107 올블랙,예림4 월넛,,예림115 소프트민트,,,,,HSM20  매트 라이트그레이
예림,평몰딩 60*9,"2,100","2,400","2,970","3,740",,예림,평몰딩 60*9,770,"3,960",,990,,"4,400",,,,"1,430",,,예림112 로열블루,예림5 홍송,,예림116 라벤더,,,,,HSM21  매트 샌드그레이
예림,평몰딩 80*9,"2,600","2,900","3,520","4,400",,예림,평몰딩 80*9,880,"4,620",,"1,100",,"5,170",,,,"1,650",,,예림113 차콜,예림9 메이플,,예림132 퓨어레드,,,,,HSM25 매트 미스틱블루
예림,평몰딩 100*9,"3,150","3,400","4,180","5,280",,예림,평몰딩 100*9,"1,100","5,500",,"1,320",,"6,160",,,,"1,980",,,예림134 오크마일드,예림15 레드티크,,예림133 휴그린,,,,,HA911  매트소프트그레이
예림,평몰딩 120*9,"3,700","4,100","4,950","6,270",,예림,평몰딩 120*9,"1,320","6,490",,"1,540",,"7,260",,,,"2,310",,,예림135 오크딥,예림16 워시애쉬,,예림140 순백,,,,,HSM27 매트 문빔그레이
예림,평몰딩 160*9,"4,800","5,200","6,270","7,920",,예림,평몰딩 160*9,"1,650","8,250",,"1,980",,"9,130",,,,"2,860",,,예림141 라이트그레이,예림23 레드오크,,예림142 샌드,,,,,HSM28 매트 스노우베이지
예림,평몰딩 200*9,"5,200","5,800","7,040","8,800",,예림,평몰딩 200*9,"1,760","9,240",,"2,200",,"10,230",,,,"3,190",,,예림145 헤일네이비,예림25 그린웬지,,예림143 머드그레이,,,,,HSM29 매트 포그그레이
예림,평몰딩 250*9,"7,100","7,600","9,130","11,440",,예림,평몰딩 250*9,"2,310","11,880",,"2,750",,"13,310",,,,"4,180",,,예림148 소프트화이트,예림26 베이지오크,,예림144 윈디블루,,,,,HSM30 매트 듀이클라우드
예림,평몰딩 300*9,"7,850","8,600","10,340","12,980",,예림,평몰딩 300*9,"2,640","13,530",,"3,190",,"15,070",,,,"4,730",,,PW-01 화이트페인트,예림36 네추럴브라운,,예림146 딥오션,,,,,HSM31 매트 코타화이트
예림,평몰딩 400*9,"10,350","11,600","13,970","17,490",,예림,평몰딩 400*9,"3,520","18,260",,"4,290",,"20,350",,,,"6,380",,,PW-03 웜그레이페인트,예림46 티크,,예림147 어반그레이,,,,,HSM34 매트 스카이브리즈
예림,평몰딩 600*9,"15,750","16,000","19,250","24,090",,예림,평몰딩 600*9,"4,840","25,080",,"5,830",,"27,940",,,,"8,690",,,WA-05 브룩시더(세로),예림58 그레이오크,,예림149 스킨,,,,,
예림,천정 1번 80*12,"3,350","3,600","4,400","5,500",,예림,천정 1번 80*12,"1,100","5,720",,"1,320",,"6,380",,,,"1,980",,,WA-06 크림화이트,예림66 화이트오크,,예림150 민트그레이,,,,,
예림,천정 2번 70*12,"3,050","3,300","3,960","4,950",,예림,천정 2번 70*12,990,"5,170",,"1,210",,"5,830",,,,"1,870",,,HW1065,예림68 로열월넛,,예림151  브라운,,,,,
,천정 3번 55*12,3000,,,,,,천정 3번 55*12,,,,,,,,,,,,,HW1069,예림69 로열아카시아,,HS008,,,,,
예림,라운드 걸레받이 30*9 ,1900,"2,250","2,750","3,520",,예림,라운드 걸레받이 30*9 ,770,"3,630",,880,,"4,070",,,,"1,320",,,CL 01  퓨어화이트,예림83 클래식오크,,HS023,,,,,
예림,라운드 걸레받이 40*9 ,"2,100","2,400","2,970","3,740",,예림,라운드 걸레받이 40*9 ,770,"3,960",,990,,"4,400",,,,"1,430",,,CL 02 페일 그레이,예림84 샤인오크,,HS024,,,,,
예림,라운드 걸레받이 60*9 ,"2,450","3,000","3,630","4,620",,예림,라운드 걸레받이 60*9 ,990,"4,730",,"1,100",,"5,280",,,,"1,650",,,CL 03 모노그레이,예림86 스트라이프우드,,HS033,,,,,
예림,라운드 걸레받이 70*9,"2,600","3,100","3,740","4,730",,예림,라운드 걸레받이 70*9,990,"4,950",,"1,210",,"5,500",,,,"1,760",,,CL 04 클래식블루,예림87 퓨어오크,,HS036,,,,,
예림,라운드 걸레받이 80*9,"2,800","3,200","3,850","4,840",,예림,라운드 걸레받이 80*9,990,"5,060",,"1,210",,"5,610",,,,"1,760",,,CL 05 라이트애쉬,예림88 쉬머오크,,HS045,,,,,
예림,라운드 걸레받이 90*9,"3,000","3,300","3,960","4,950",,예림,라운드 걸레받이 90*9,990,"5,170",,"1,210",,"5,830",,,,"1,870",,,CL 06 스킨오크,예림92 우드블랙,,HS048,,,,,
,,,,,,,,,,,,,,,,,,,,,HN2009,예림93 코트니브라운,,HS049,,,,,
,,,,,,,,,,,,,,,,,,,,,,예림94 코트니베이지,,HS050,,,,,
,,,,,,,,,,,,,,,,,,,,,,예림98 프렌치오크,,HS051,,,,,
,,,,,,,,,,,,,,,,,,,,,,예림99 마일드워시오크,,HP505,,,,,
,■ 라운드 코너 몰딩(AL),,,,,,,■ 라운드 코너 몰딩(AL),,,,,,,,,,,,,,예림102 빈티지오크,,PW-02 베이지페인트,,,,,
예림,30 아웃코너 라운드 ◆ 53*53*2400,,"18,000","23,100",,,예림,30 아웃코너 라운드 ◆ 53*53*2400,,,,,,,,,,,,,,예림104 버치,,PW-04 브라운페인트,,,,,
예림,60 아웃코너 라운드 ◆ 83*83*2400,,"29,000","34,100",,,예림,60 아웃코너 라운드 ◆ 83*83*2400,,,,,,,,,,,,,,예림124 워시그레이,,PW-05 딥그레이페인트,,,,,
,,,,,,,,,,,,,,,,,,,,,,예림125 애쉬브라운,,PW-06 로즈핑크페인트,,,,,
,■ PVC 히든 몰딩,,,,,,,■ PVC 히든 몰딩,,,,,,,,,,,,,,예림126 리얼오크,,PW-07 미드그레이페인트,,,,,
예림,PVC 백색 히든몰딩 ◆ 50*12.4*2400,,"2,100","2,640",,,예림,PVC 백색 히든몰딩 ◆ 50*12.4*2400,,,,,,,,,,,,,,예림128 심플그레인,,PW-08 매트블랙페인트,,,,,
예림,PVC 백색 히든몰딩 ◆ 50*12.4*3000,,"2,600","3,300",,,예림,PVC 백색 히든몰딩 ◆ 50*12.4*3000,,,,,,,,,,,,,,,,,,,,,
,,,,,,,,,,,,,,,,,,,,,,,,,,,,,
예림,도색용-마이너스몰딩 25*15 ◆,,2750,"3,520",,,예림,도색용-마이너스몰딩 25*15 ◆,,,,,,,,,,,,,,,,,,,,,