목자재/철물,목자재/철물,목자재,몰딩,예림,,평몰딩 30*9,평몰딩 30*9
,,,,,,평몰딩 40*9,평몰딩 40*9
,,,,,,평몰딩 50*9,평몰딩 50*9
,,,,,,평몰딩 60*9,평몰딩 60*9
,,,,,,평몰딩 80*9,평몰딩 80*9
,,,,,,평몰딩 100*9,평몰딩 100*9
,,,,,,평몰딩 120*9,평몰딩 120*9
,,,,,,평몰딩 160*9,평몰딩 160*9
,,,,,,평몰딩 200*9,평몰딩 200*9
,,,,,,평몰딩 250*9,평몰딩 250*9
,,,,,,평몰딩 300*9,평몰딩 300*9
,,,,,,평몰딩 400*9,평몰딩 400*9
,,,,,,평몰딩 600*9,평몰딩 600*9
,,,,,,문선몰딩 40*12,문선몰딩 40*12
,,,,,,문선몰딩 60*12,문선몰딩 60*12
,,,,,,마이너스몰딩 25*15,마이너스몰딩 25*15
,,,,,,천정 1번 80*12,천정 1번 80*12
,,,,,,천정 2번 70*12,천정 2번 70*12
,,,,,,천정 3번 55*12,천정 3번 55*12
,,,,,,55라운드천장 55*12,55라운드천장 55*12
,,,,,,80라운드천장 80*15,80라운드천장 80*15
,,,,,,직각 2계단 몰딩(소) 50*12,직각 2계단 몰딩(소) 50*12
,,,,,,직각 2계단 몰딩(대) 70*18,직각 2계단 몰딩(대) 70*18
,,,,,,직각 3계단 몰딩(소) 48*15,직각 3계단 몰딩(소) 48*15
,,,,,,직각 3계단 몰딩(대) 70*15,직각 3계단 몰딩(대) 70*15
,,,,,,라운드 걸레받이 30*9,라운드 걸레받이 30*9
,,,,,,라운드 걸레받이 40*9,라운드 걸레받이 40*9
,,,,,,라운드 걸레받이 60*9,라운드 걸레받이 60*9
,,,,,,라운드 걸레받이 70*9,라운드 걸레받이 70*9
,,,,,,라운드 걸레받이 80*9,라운드 걸레받이 80*9
,,,,,,라운드 걸레받이 90*9,라운드 걸레받이 90*9
,,,,,,PVC 래핑 30평,PVC 래핑 30평
,,,,,,PVC 래핑 40평,PVC 래핑 40평
,,,,,,PVC 래핑 60평,PVC 래핑 60평
,,,,,,PVC 래핑 80평,PVC 래핑 80평
,,,,,,PVC 래핑 100평,PVC 래핑 100평
,,,,,,PVC 래핑 마이너스,PVC 래핑 마이너스
,,,,,,PVC 래핑 2계단(소) 30*12,PVC 래핑 2계단(소) 30*12
,,,,,,PVC 래핑 2계단(대) 40*15,PVC 래핑 2계단(대) 40*15